{
  "dropout_rate": 0.1,
  "l2_reg": 0.01619153105287062,
  "dense_units_1": 512,
  "dense_units_2": 64,
  "batch_size": 64,
  "optimizer": "adam",
  "lr": 0.00010636864053353876
}