{
  "dropout_rate": 0.2725243934034166,
  "l2_reg": 0.03885167296948756,
  "dense_units_1": 512,
  "dense_units_2": 64,
  "batch_size": 64,
  "optimizer": "adam",
  "lr": 5.6923598973095546e-05,
  "alpha": 0.005691711406935693,
  "beta": 0.08381650384863282
}