{
  "dropout_rate": 0.36288587662929606,
  "l2_reg": 0.00018570081609152047,
  "dense_units_1": 512,
  "dense_units_2": 64,
  "batch_size": 64,
  "optimizer": "adam",
  "lr": 0.00038766358687512104,
  "alpha": 0.0007974531431956191,
  "beta": 0.030021569894791735
}