{
  "dropout_rate": 0.4,
  "l2_reg": 0.01510084788758208,
  "dense_units_1": 512,
  "dense_units_2": 32,
  "batch_size": 64,
  "optimizer": "adam",
  "lr": 0.0003074009172233419
}