{
  "dropout_rate": 0.21555102414778338,
  "l2_reg": 0.012925826299212453,
  "dense_units_1": 512,
  "dense_units_2": 64,
  "batch_size": 32,
  "optimizer": "adam",
  "lr": 3.420546990601117e-05
}