{
  "dropout_rate": 0.18099114318297815,
  "l2_reg": 0.07574638183882298,
  "dense_units_1": 512,
  "dense_units_2": 128,
  "batch_size": 64,
  "optimizer": "adam",
  "lr": 0.0013191152521193326
}