{
  "dropout_rate": 0.1,
  "l2_reg": 0.004060823371788687,
  "dense_units_1": 256,
  "dense_units_2": 32,
  "batch_size": 64,
  "optimizer": "adam",
  "lr": 0.0005010127046991325
}