{
  "dropout_rate": 0.32107395959125484,
  "l2_reg": 0.08977192569654172,
  "dense_units_1": 256,
  "dense_units_2": 32,
  "batch_size": 64,
  "optimizer": "adam",
  "lr": 0.0004949181938584106,
  "alpha": 0.00019502718697199842,
  "beta": 0.0032706531203469417
}