{
  "best_model": "ConvNeXt-Tiny",
  "retrain_epochs": {
    "phase1": 50,
    "phase2": 46
  },
  "threshold": 0.5,
  "test_metrics": {
    "sensitivity": 0.9387755102040817,
    "specificity": 0.6666666666666666,
    "ppv": 0.8846153846153846,
    "npv": 0.8,
    "f1": 0.9108910891089109,
    "auc_roc": 0.9002267573696145
  }
}