{
  "best_model": "ConvNeXt-Tiny",
  "retrain_epochs": {
    "phase1": 48,
    "phase2": 14
  },
  "threshold": 0.5,
  "test_metrics": {
    "sensitivity": 0.9795918367346939,
    "specificity": 0.6111111111111112,
    "ppv": 0.8727272727272727,
    "npv": 0.9166666666666666,
    "f1": 0.9230769230769231,
    "auc_roc": 0.9648526077097506
  }
}