{
  "best_model": "ConvNeXt-Tiny",
  "retrain_epochs": {
    "phase1": 50,
    "phase2": 46
  },
  "threshold": 0.7317705988883972,
  "test_metrics": {
    "sensitivity": 0.9591836734693877,
    "specificity": 0.6666666666666666,
    "ppv": 0.8867924528301887,
    "npv": 0.8571428571428571,
    "f1": 0.9215686274509803,
    "auc_roc": 0.9149659863945578
  }
}