{
  "best_model": "ConvNeXt-Tiny",
  "retrain_epochs": {
    "phase1": 50,
    "phase2": 47
  },
  "threshold": 0.6928518176078796,
  "test_metrics": {
    "sensitivity": 0.9183673469387755,
    "specificity": 0.8333333333333334,
    "ppv": 0.9375,
    "npv": 0.7894736842105263,
    "f1": 0.9278350515463918,
    "auc_roc": 0.9070294784580499
  }
}