{
  "best_model": "ConvNeXt-Tiny",
  "criteria": {
    "auc": 0.8,
    "sens": 0.85,
    "spec": 0.7
  },
  "comparison": [
    {
      "name": "EfficientNetB0",
      "auc": 0.5600732600732601,
      "sens": 0.9794871794871796,
      "spec": 0.0,
      "qualifies": false
    },
    {
      "name": "ResNet50",
      "auc": 0.6557997557997558,
      "sens": 0.9948717948717949,
      "spec": 0.04285714285714286,
      "qualifies": false
    },
    {
      "name": "ConvNeXt-Tiny",
      "auc": 0.8252014652014653,
      "sens": 0.7794871794871796,
      "spec": 0.6666666666666667,
      "qualifies": false
    }
  ]
}