{
  "best_model": "ResNet50",
  "criteria": {
    "auc": 0.8,
    "sens": 0.85,
    "spec": 0.7
  },
  "comparison": [
    {
      "name": "EfficientNetB0",
      "auc": 0.45,
      "sens": 1.0,
      "spec": 0.0,
      "qualifies": false
    },
    {
      "name": "ResNet50",
      "auc": 0.8235409035409035,
      "sens": 0.9846153846153847,
      "spec": 0.19809523809523807,
      "qualifies": false
    },
    {
      "name": "ConvNeXt-Tiny",
      "auc": 0.8207326007326007,
      "sens": 0.8358974358974358,
      "spec": 0.6257142857142857,
      "qualifies": false
    }
  ]
}