{
  "best_model": "ConvNeXt-Tiny",
  "criteria": {
    "auc": 0.8,
    "sens": 0.85,
    "spec": 0.7
  },
  "comparison": [
    {
      "name": "EfficientNetB0",
      "auc": 0.4298412698412698,
      "sens": 1.0,
      "spec": 0.0,
      "qualifies": false
    },
    {
      "name": "ResNet50",
      "auc": 0.7483272283272283,
      "sens": 1.0,
      "spec": 0.0,
      "qualifies": false
    },
    {
      "name": "ConvNeXt-Tiny",
      "auc": 0.8277167277167278,
      "sens": 0.8205128205128206,
      "spec": 0.6799999999999999,
      "qualifies": false
    }
  ]
}