{
  "best_model": "ConvNeXt-Tiny",
  "criteria": {
    "auc": 0.8,
    "sens": 0.85,
    "spec": 0.7
  },
  "comparison": [
    {
      "name": "EfficientNetB0",
      "auc": 0.9565811965811966,
      "sens": 0.9384615384615385,
      "spec": 0.8047619047619048,
      "qualifies": true
    },
    {
      "name": "ResNet50",
      "auc": 0.9222954822954822,
      "sens": 0.9538461538461538,
      "spec": 0.6504761904761904,
      "qualifies": false
    },
    {
      "name": "ConvNeXt-Tiny",
      "auc": 0.9644200244200245,
      "sens": 0.9435897435897436,
      "spec": 0.8057142857142857,
      "qualifies": true
    }
  ]
}