{
  "best_model": "ConvNeXt-Tiny",
  "retrain_epochs": {
    "phase1": 50,
    "phase2": 47
  },
  "threshold": 0.7578055024147033,
  "test_metrics": {
    "sensitivity": 0.8163265306122449,
    "specificity": 0.6666666666666666,
    "ppv": 0.8695652173913043,
    "npv": 0.5714285714285714,
    "f1": 0.8421052631578947,
    "auc_roc": 0.8333333333333334
  }
}