{
  "best_model": "ConvNeXt-Tiny",
  "retrain_epochs": {
    "phase1": 50,
    "phase2": 43
  },
  "threshold": 0.5859198272228241,
  "test_metrics": {
    "sensitivity": 0.7755102040816326,
    "specificity": 0.8888888888888888,
    "ppv": 0.95,
    "npv": 0.5925925925925926,
    "f1": 0.8539325842696629,
    "auc_roc": 0.8968253968253969
  }
}