{
  "bpnn_architecture": "(256, 128), tanh, alpha=0.0001",
  "features": "GLCM 8-level 4-angle (16-dim) + HOG 8-stats (8-dim) = 24-dim",
  "avg_stopping_iter": 28,
  "fold_stopping_iters": [
    24,
    24,
    24,
    39,
    30
  ],
  "mean_youden_threshold": 0.5792088508605957,
  "test_metrics": {
    "sensitivity": 0.8367346938775511,
    "specificity": 0.6111111111111112,
    "ppv": 0.8541666666666666,
    "npv": 0.5789473684210527,
    "f1": 0.845360824742268,
    "auc_roc": 0.852607709750567
  },
  "statistical_tests": {
    "mcnemar": {
      "h0": "both classifiers make same errors",
      "b": 7,
      "c": 10,
      "p_value": 0.6291,
      "significance": "ns"
    },
    "bootstrap_auc": {
      "h0": "AUC_CNN = AUC_BPNN",
      "n_bootstrap": 2000,
      "delta_auc": -0.0079,
      "p_value": 0.8745,
      "significance": "ns"
    }
  }
}