{
  "dropout_rate": 0.1,
  "l2_reg": 0.0039039226351602206,
  "dense_units_1": 512,
  "dense_units_2": 32,
  "batch_size": 64,
  "optimizer": "adam",
  "phase1_lr": 0.0021386905909357348,
  "phase2_lr": 3.445182233199405e-05
}