{
  "dropout_rate": 0.15605189697094138,
  "l2_reg": 0.03260613132906697,
  "dense_units_1": 512,
  "dense_units_2": 128,
  "batch_size": 64,
  "optimizer": "adam",
  "lr": 0.00010739762304826534
}