{
  "dropout_rate": 0.3124217733388137,
  "l2_reg": 8.111941985431925e-06,
  "dense_units_1": 512,
  "dense_units_2": 128,
  "batch_size": 64,
  "optimizer": "adam",
  "phase1_lr": 0.0003823475224675187,
  "phase2_lr": 8.16845589476017e-06
}