{
  "dropout_rate": 0.3568198488145982,
  "l2_reg": 0.00019170041589170651,
  "dense_units_1": 256,
  "dense_units_2": 64,
  "batch_size": 16,
  "optimizer": "adam",
  "phase1_lr": 0.000661859559718348,
  "phase2_lr": 3.244160088734163e-05
}