{
  "dropout_rate": 0.3123620356542087,
  "l2_reg": 0.0071144760093434225,
  "dense_units_1": 128,
  "dense_units_2": 256,
  "batch_size": 32,
  "optimizer": "adam",
  "phase1_lr": 0.00010994335574766199,
  "phase2_lr": 8.706020878304853e-05
}