{
  "dropout_rate": 0.1,
  "l2_reg": 0.003547946315720357,
  "dense_units_1": 128,
  "dense_units_2": 128,
  "batch_size": 64,
  "optimizer": "adam",
  "phase1_lr": 0.01,
  "phase2_lr": 2.676405985990136e-05
}