{
  "dropout_rate": 0.2913841307520112,
  "l2_reg": 1.9634341572933304e-05,
  "dense_units_1": 128,
  "dense_units_2": 256,
  "batch_size": 32,
  "optimizer": "adam",
  "phase1_lr": 0.0004201672054372534,
  "phase2_lr": 1.0968217207529536e-05
}