{
  "dropout_rate": 0.29329469651469864,
  "l2_reg": 9.452571391072311e-05,
  "dense_units_1": 512,
  "dense_units_2": 256,
  "batch_size": 16,
  "optimizer": "adam",
  "phase1_lr": 0.003482846706526885,
  "phase2_lr": 9.71831994481741e-06
}