{
  "dropout_rate": 0.3368209952651108,
  "l2_reg": 0.0022673986523780395,
  "dense_units_1": 512,
  "dense_units_2": 128,
  "batch_size": 32,
  "optimizer": "adam",
  "phase1_lr": 0.00853618986286683,
  "phase2_lr": 4.138040112561016e-05
}